Звездная,1,1
Звездная,1,2
Звездная,1,3
Звездная,1,4
Звездная,1,5
Звездная,1,6
Звездная,10,1
Звездная,10,2
Звездная,10,3
Звездная,10,4
Звездная,11,1
Звездная,11,2
Звездная,11,3
Звездная,11,4
Звездная,11,5
Звездная,11,6
Звездная,11,7
Звездная,11,8
Звездная,12,1
Звездная,12,2
Звездная,12,3
Звездная,12,4
Звездная,12,5
Звездная,12,6
Звездная,13,1
Звездная,13,2
Звездная,13,3
Звездная,13,4
Звездная,13,5
Звездная,13,6
Звездная,14,1
Звездная,14,2
Звездная,14,3
Звездная,14,4
Звездная,14,5
Звездная,14,6
Звездная,15,1
Звездная,15,2
Звездная,15,3
Звездная,15,4
Звездная,17,1
Звездная,17,2
Звездная,17,3
Звездная,17,4
Звездная,18,1
Звездная,18,2
Звездная,18,3
Звездная,18,4
Звездная,19,1
Звездная,19,2
Звездная,19,3
Звездная,19,4
Звездная,2,1
Звездная,2,2
Звездная,2,3
Звездная,2,4
Звездная,2,5
Звездная,2,6
Звездная,20,1
Звездная,20,2
Звездная,20,3
Звездная,20,4
Звездная,20,5
Звездная,20,6
Звездная,21,1
Звездная,21,2
Звездная,21,3
Звездная,21,4
Звездная,21,5
Звездная,21,6
Звездная,22,1
Звездная,22,2
Звездная,22,3
Звездная,22,4
Звездная,23,1
Звездная,23,2
Звездная,23,3
Звездная,23,4
Звездная,23,5
Звездная,23,6
Звездная,23,7
Звездная,23,8
Звездная,24,1
Звездная,24,2
Звездная,24,3
Звездная,24,4
Звездная,25,1
Звездная,25,2
Звездная,25,3
Звездная,25,4
Звездная,25,5
Звездная,25,6
Звездная,26,1
Звездная,26,2
Звездная,26,3
Звездная,26,4
Звездная,26,5
Звездная,26,6
Звездная,27,1
Звездная,27,2
Звездная,27,3
Звездная,27,4
Звездная,27,5
Звездная,27,6
Звездная,29,1
Звездная,29,2
Звездная,29,3
Звездная,29,4
Звездная,29,5
Звездная,29,6
Звездная,3,1
Звездная,3,2
Звездная,3,3
Звездная,3,4
Звездная,3,5
Звездная,3,6
Звездная,31,1
Звездная,31,2
Звездная,31,3
Звездная,31,4
Звездная,4,1
Звездная,4,2
Звездная,4,3
Звездная,4,4
Звездная,4,5
Звездная,4,6
Звездная,5,1
Звездная,5,2
Звездная,5,3
Звездная,5,4
Звездная,5,5
Звездная,5,6
Звездная,6,1
Звездная,6,2
Звездная,6,3
Звездная,6,4
Звездная,7,1
Звездная,7,2
Звездная,7,3
Звездная,7,4
Звездная,7,5
Звездная,7,6
Звездная,8,1
Звездная,8,2
Звездная,8,3
Звездная,8,4
Звездная,9,1
Звездная,9,2
Звездная,9,3
Звездная,9,4
Звездная,9,5
Звездная,9,6
Звездная,9,7
Звездная,9,8
Лесная,1,1
Лесная,1,2
Лесная,1,3
Лесная,1,4
Лесная,10,1
Лесная,10,2
Лесная,10,3
Лесная,10,4
Лесная,10,5
Лесная,10,6
Лесная,10,7
Лесная,10,8
Лесная,11,1
Лесная,11,2
Лесная,11,3
Лесная,11,4
Лесная,12,1
Лесная,12,2
Лесная,13,1
Лесная,13,2
Лесная,13,3
Лесная,13,4
Лесная,14,1
Лесная,14,2
Лесная,15,1
Лесная,15,2
Лесная,15,3
Лесная,15,4
Лесная,16,1
Лесная,16,2
Лесная,17,1
Лесная,17,2
Лесная,17,3
Лесная,17,4
Лесная,18,1
Лесная,18,2
Лесная,19,1
Лесная,19,2
Лесная,19,3
Лесная,19,4
Лесная,19,5
Лесная,19,6
Лесная,2,1
Лесная,2,2
Лесная,2,3
Лесная,2,4
Лесная,20,1
Лесная,20,2
Лесная,21,1
Лесная,21,2
Лесная,21,3
Лесная,21,4
Лесная,22,1
Лесная,22,2
Лесная,23,1
Лесная,23,2
Лесная,23,3
Лесная,23,4
Лесная,24,1
Лесная,24,2
Лесная,25,1
Лесная,25,2
Лесная,25,3
Лесная,25,4
Лесная,25,5
Лесная,25,6
Лесная,26,1
Лесная,26,2
Лесная,26,3
Лесная,26,4
Лесная,27,1
Лесная,27,2
Лесная,27,3
Лесная,27,4
Лесная,27,5
Лесная,27,6
Лесная,28,1
Лесная,28,2
Лесная,28,3
Лесная,28,4
Лесная,28,5
Лесная,28,6
Лесная,28,7
Лесная,28,8
Лесная,3,1
Лесная,3,2
Лесная,3,3
Лесная,3,4
Лесная,30,1
Лесная,30,2
Лесная,30,3
Лесная,30,4
Лесная,30,5
Лесная,30,6
Лесная,30,7
Лесная,30,8
Лесная,32,1
Лесная,32,2
Лесная,32,3
Лесная,32,4
Лесная,32,5
Лесная,32,6
Лесная,32,7
Лесная,32,8
Лесная,34,1
Лесная,34,2
Лесная,34,3
Лесная,34,4
Лесная,34,5
Лесная,34,6
Лесная,34,7
Лесная,34,8
Лесная,36,1
Лесная,36,2
Лесная,36,3
Лесная,36,4
Лесная,38,1
Лесная,38,2
Лесная,38,3
Лесная,38,4
Лесная,38,5
Лесная,38,6
Лесная,4,1
Лесная,4,2
Лесная,4,3
Лесная,4,4
Лесная,4,5
Лесная,4,6
Лесная,4,7
Лесная,4,8
Лесная,40,1
Лесная,40,2
Лесная,40,3
Лесная,40,4
Лесная,40,5
Лесная,40,6
Лесная,42,1
Лесная,42,2
Лесная,42,3
Лесная,42,4
Лесная,42,5
Лесная,42,6
Лесная,42,7
Лесная,42,8
Лесная,5,1
Лесная,5,2
Лесная,5,3
Лесная,5,4
Лесная,6,1
Лесная,6,2
Лесная,6,3
Лесная,6,4
Лесная,7,1
Лесная,7,2
Лесная,7,3
Лесная,7,4
Лесная,7,5
Лесная,7,6
Лесная,8,1
Лесная,8,2
Лесная,8,3
Лесная,8,4
Лесная,8,5
Лесная,8,6
Лесная,8,7
Лесная,8,8
Лесная,9,1
Лесная,9,2
Лесная,9,3
Лесная,9,4
Лесная,9,5
Лесная,9,6
С.Тупик,3,1
С.Тупик,3,2
С.Тупик,3,3
С.Тупик,3,4
С.Тупик,8,1
С.Тупик,8,2
С.Тупик,8,3
С.Тупик,8,4
С.Тупик,1,1
С.Тупик,1,2
С.Тупик,1,3
С.Тупик,1,4
С.Тупик,10,1
С.Тупик,10,2
С.Тупик,10,3
С.Тупик,10,4
С.Тупик,2,1
С.Тупик,2,2
С.Тупик,2,3
С.Тупик,2,4
С.Тупик,2,5
С.Тупик,2,6
С.Тупик,4,1
С.Тупик,4,2
С.Тупик,4,3
С.Тупик,4,4
С.Тупик,5,1
С.Тупик,5,2
С.Тупик,5,3
С.Тупик,5,4
С.Тупик,6,1
С.Тупик,6,2
С.Тупик,6,3
С.Тупик,6,4
С.Тупик,7,1
С.Тупик,7,2
С.Тупик,7,3
С.Тупик,7,4
Южная,10,1
Южная,10,2
Южная,10,3
Южная,10,4
Южная,10,5
Южная,10,6
Южная,11,1
Южная,11,2
Южная,11,3
Южная,11,4
Южная,12,1
Южная,12,2
Южная,12,3
Южная,12,4
Южная,12,5
Южная,12,6
Южная,13,1
Южная,13,2
Южная,13,3
Южная,13,4
Южная,13,5
Южная,13,6
Южная,14,1
Южная,14,2
Южная,14,3
Южная,14,4
Южная,15,1
Южная,15,2
Южная,15,3
Южная,15,4
Южная,15,5
Южная,15,6
Южная,16,1
Южная,16,2
Южная,16,3
Южная,16,4
Южная,18,1
Южная,18,2
Южная,18,3
Южная,18,4
Южная,2,1
Южная,2,2
Южная,2,3
Южная,2,4
Южная,20,1
Южная,20,2
Южная,20,3
Южная,20,4
Южная,22,1
Южная,22,2
Южная,22,3
Южная,22,4
Южная,22,5
Южная,22,6
Южная,24,1
Южная,24,2
Южная,24,3
Южная,24,4
Южная,24,5
Южная,24,6
Южная,26,1
Южная,26,2
Южная,26,3
Южная,26,4
Южная,26,5
Южная,26,6
Южная,28,1
Южная,28,2
Южная,28,3
Южная,28,4
Южная,28,5
Южная,28,6
Южная,3,1
Южная,3,2
Южная,3,3
Южная,3,4
Южная,4,1
Южная,4,2
Южная,4,3
Южная,4,4
Южная,5,1
Южная,5,2
Южная,5,3
Южная,5,4
Южная,6,1
Южная,6,2
Южная,6,3
Южная,6,4
Южная,7,1
Южная,7,2
Южная,7,3
Южная,7,4
Южная,7,5
Южная,7,6
Южная,8,1
Южная,8,2
Южная,8,3
Южная,8,4
